<?xml version="1.0" encoding="UTF-8"?>
<project-private xmlns="http://www.netbeans.org/ns/project-private/1">
    <editor-bookmarks xmlns="http://www.netbeans.org/ns/editor-bookmarks/2" lastBookmarkId="0"/>
    <open-files xmlns="http://www.netbeans.org/ns/projectui-open-files/2">
        <group>
            <file>file:/C:/Users/msi2k/Documents/FPT/CSD201/Lab/SE1819_DoAnhMinh_SE183432_Lab8/src/Q1/LZW.java</file>
            <file>file:/C:/Users/msi2k/Documents/FPT/CSD201/Lab/SE1819_DoAnhMinh_SE183432_Lab8/src/Q1/HuffmanFromFile.java</file>
            <file>file:/C:/Users/msi2k/Documents/FPT/CSD201/Lab/SE1819_DoAnhMinh_SE183432_Lab8/src/Q1/HuffmanExample.java</file>
            <file>file:/C:/Users/msi2k/Documents/FPT/CSD201/Lab/SE1819_DoAnhMinh_SE183432_Lab8/src/Q1/LZWCompression.java</file>
        </group>
    </open-files>
</project-private>
