<?xml version="1.0" encoding="UTF-8"?>
<project-private xmlns="http://www.netbeans.org/ns/project-private/1">
    <editor-bookmarks xmlns="http://www.netbeans.org/ns/editor-bookmarks/2" lastBookmarkId="0"/>
    <open-files xmlns="http://www.netbeans.org/ns/projectui-open-files/2">
        <group>
            <file>file:/C:/Users/admin/Documents/kì%203/CSD201/PE1/1727769995608_64579974b9c3995c62f7922e_PE01/PE01/Q1/Given/src/Office.java</file>
            <file>file:/C:/Users/admin/Documents/kì%203/CSD201/PE1/1727769995608_64579974b9c3995c62f7922e_PE01/PE01/Q1/Given/src/MyList.java</file>
            <file>file:/C:/Users/admin/Documents/kì%203/CSD201/PE1/1727769995608_64579974b9c3995c62f7922e_PE01/PE01/Q1/Given/src/Lib.java</file>
            <file>file:/C:/Users/admin/Documents/kì%203/CSD201/PE1/1727769995608_64579974b9c3995c62f7922e_PE01/PE01/Q1/Given/src/Node.java</file>
            <file>file:/C:/Users/admin/Documents/kì%203/CSD201/PE1/1727769995608_64579974b9c3995c62f7922e_PE01/PE01/Q1/Given/src/Main.java</file>
        </group>
    </open-files>
</project-private>
