<?xml version="1.0" encoding="UTF-8"?>
<project-private xmlns="http://www.netbeans.org/ns/project-private/1">
    <editor-bookmarks xmlns="http://www.netbeans.org/ns/editor-bookmarks/2" lastBookmarkId="0"/>
    <open-files xmlns="http://www.netbeans.org/ns/projectui-open-files/2">
        <group>
            <file>file:/C:/Users/admin/Documents/kì%203/LAB211/lab2(lan2)/src/Management/RAMManagementSystem.java</file>
            <file>file:/C:/Users/admin/Documents/kì%203/LAB211/lab2(lan2)/src/lab2/lan2/Lab2Lan2.java</file>
            <file>file:/C:/Users/admin/Documents/kì%203/LAB211/lab2(lan2)/src/Object/RAMItem.java</file>
            <file>file:/C:/Users/admin/Documents/kì%203/LAB211/lab2(lan2)/src/lab2/lan2/showMenu.java</file>
        </group>
    </open-files>
</project-private>
