<?xml version="1.0" encoding="UTF-8"?>
<project-private xmlns="http://www.netbeans.org/ns/project-private/1">
    <editor-bookmarks xmlns="http://www.netbeans.org/ns/editor-bookmarks/2" lastBookmarkId="0"/>
    <open-files xmlns="http://www.netbeans.org/ns/projectui-open-files/2">
        <group>
            <file>file:/C:/Users/msi2k/Documents/FPT/CSD201/Lab/Lab2/src/anhminh/EmptyQueueException.java</file>
            <file>file:/C:/Users/msi2k/Documents/FPT/CSD201/Lab/Lab2/src/anhminh/Main.java</file>
            <file>file:/C:/Users/msi2k/Documents/FPT/CSD201/Lab/Lab2/src/anhminh/Queue.java</file>
            <file>file:/C:/Users/msi2k/Documents/FPT/CSD201/Lab/Lab2/src/anhminh/Stack.java</file>
        </group>
    </open-files>
</project-private>
