<?xml version="1.0" encoding="UTF-8"?>
<project-private xmlns="http://www.netbeans.org/ns/project-private/1">
    <editor-bookmarks xmlns="http://www.netbeans.org/ns/editor-bookmarks/2" lastBookmarkId="0"/>
    <open-files xmlns="http://www.netbeans.org/ns/projectui-open-files/2">
        <group>
            <file>file:/C:/Users/msi2k/Documents/FPT/LAB211/DoAnhMinh_3432/DoAnhMinh_3432/src/object/Product.java</file>
            <file>file:/C:/Users/msi2k/Documents/FPT/LAB211/DoAnhMinh_3432/DoAnhMinh_3432/src/manager/ProductManager.java</file>
            <file>file:/C:/Users/msi2k/Documents/FPT/LAB211/DoAnhMinh_3432/DoAnhMinh_3432/src/gui/Main.java</file>
        </group>
    </open-files>
</project-private>
